nome_modelo,mse,rmse,tempo_consumo (s),memoria_consumo (mb)
ViTime_full_5seg_run1,86.74847466414877,9.31388612041981,0.60844185,7.277803421020508
ViTime_full_5seg_run2,86.74847466414877,9.31388612041981,0.25322206,7.257091522216797
ViTime_full_5seg_run3,86.74847466414877,9.31388612041981,0.253778825,7.256969451904297
ViTime_full_5seg_run4,86.74847466414877,9.31388612041981,0.253638329,7.256969451904297
ViTime_full_5seg_run5,86.74847466414877,9.31388612041981,0.254055355,7.256969451904297
ViTime_full_5seg_run6,86.74847466414877,9.31388612041981,0.254336804,7.256969451904297
ViTime_full_5seg_run7,86.74847466414877,9.31388612041981,0.255480999,7.256969451904297
ViTime_full_5seg_run8,86.74847466414877,9.31388612041981,0.254453961,7.256969451904297
ViTime_full_5seg_run9,86.74847466414877,9.31388612041981,0.257695617,7.256969451904297
ViTime_full_5seg_run10,86.74847466414877,9.31388612041981,0.255481719,7.256969451904297
ViTime_full_5seg_run11,86.74847466414877,9.31388612041981,0.256307262,7.256969451904297
ViTime_full_5seg_run12,86.74847466414877,9.31388612041981,0.255567551,7.256969451904297
ViTime_full_5seg_run13,86.74847466414877,9.31388612041981,0.257842441,7.256969451904297
ViTime_full_5seg_run14,86.74847466414877,9.31388612041981,0.256088778,7.256969451904297
ViTime_full_5seg_run15,86.74847466414877,9.31388612041981,0.256005128,7.256969451904297
ViTime_full_5seg_run16,86.74847466414877,9.31388612041981,0.25512263,7.256969451904297
ViTime_full_5seg_run17,86.74847466414877,9.31388612041981,0.255937431,7.256969451904297
ViTime_full_5seg_run18,86.74847466414877,9.31388612041981,0.256150104,7.256969451904297
ViTime_full_5seg_run19,86.74847466414877,9.31388612041981,0.256781024,7.256969451904297
ViTime_full_5seg_run20,86.74847466414877,9.31388612041981,0.256143254,7.256969451904297
ViTime_full_5seg_run21,86.74847466414877,9.31388612041981,0.255642399,7.256969451904297
ViTime_full_5seg_run22,86.74847466414877,9.31388612041981,0.2543875,7.256969451904297
ViTime_full_5seg_run23,86.74847466414877,9.31388612041981,0.256375436,7.256969451904297
ViTime_full_5seg_run24,86.74847466414877,9.31388612041981,0.254999753,7.256969451904297
ViTime_full_5seg_run25,86.74847466414877,9.31388612041981,0.255422982,7.256969451904297
ViTime_full_5seg_run26,86.74847466414877,9.31388612041981,0.255589791,7.256969451904297
ViTime_full_5seg_run27,86.74847466414877,9.31388612041981,0.257189093,7.256969451904297
ViTime_full_5seg_run28,86.74847466414877,9.31388612041981,0.254220608,7.256969451904297
ViTime_full_5seg_run29,86.74847466414877,9.31388612041981,0.25878554,7.256969451904297
ViTime_full_5seg_run30,86.74847466414877,9.31388612041981,0.257585106,7.256969451904297
ViTime_fixed_5seg_run1,0.1139809634308348,0.3376106684197566,0.555471274,7.277803421020508
ViTime_fixed_5seg_run2,0.1139809634308348,0.3376106684197566,0.256567642,7.257091522216797
ViTime_fixed_5seg_run3,0.1139809634308348,0.3376106684197566,0.255390993,7.256969451904297
ViTime_fixed_5seg_run4,0.1139809634308348,0.3376106684197566,0.255813925,7.256969451904297
ViTime_fixed_5seg_run5,0.1139809634308348,0.3376106684197566,0.255098876,7.256969451904297
ViTime_fixed_5seg_run6,0.1139809634308348,0.3376106684197566,0.255967838,7.256969451904297
ViTime_fixed_5seg_run7,0.1139809634308348,0.3376106684197566,0.257435536,7.256969451904297
ViTime_fixed_5seg_run8,0.1139809634308348,0.3376106684197566,0.258130205,7.256969451904297
ViTime_fixed_5seg_run9,0.1139809634308348,0.3376106684197566,0.257814442,7.256969451904297
ViTime_fixed_5seg_run10,0.1139809634308348,0.3376106684197566,0.256814274,7.256969451904297
ViTime_fixed_5seg_run11,0.1139809634308348,0.3376106684197566,0.255498774,7.256969451904297
ViTime_fixed_5seg_run12,0.1139809634308348,0.3376106684197566,0.2570735,7.256969451904297
ViTime_fixed_5seg_run13,0.1139809634308348,0.3376106684197566,0.259693869,7.256969451904297
ViTime_fixed_5seg_run14,0.1139809634308348,0.3376106684197566,0.255591721,7.256969451904297
ViTime_fixed_5seg_run15,0.1139809634308348,0.3376106684197566,0.257824991,7.256969451904297
ViTime_fixed_5seg_run16,0.1139809634308348,0.3376106684197566,0.256796995,7.256969451904297
ViTime_fixed_5seg_run17,0.1139809634308348,0.3376106684197566,0.256991483,7.256969451904297
ViTime_fixed_5seg_run18,0.1139809634308348,0.3376106684197566,0.258116652,7.256969451904297
ViTime_fixed_5seg_run19,0.1139809634308348,0.3376106684197566,0.256435239,7.256969451904297
ViTime_fixed_5seg_run20,0.1139809634308348,0.3376106684197566,0.256574064,7.256969451904297
ViTime_fixed_5seg_run21,0.1139809634308348,0.3376106684197566,0.257242695,7.256969451904297
ViTime_fixed_5seg_run22,0.1139809634308348,0.3376106684197566,0.25768555,7.256969451904297
ViTime_fixed_5seg_run23,0.1139809634308348,0.3376106684197566,0.256640579,7.256969451904297
ViTime_fixed_5seg_run24,0.1139809634308348,0.3376106684197566,0.256542529,7.256969451904297
ViTime_fixed_5seg_run25,0.1139809634308348,0.3376106684197566,0.26159024,7.256969451904297
ViTime_fixed_5seg_run26,0.1139809634308348,0.3376106684197566,0.262724084,7.256969451904297
ViTime_fixed_5seg_run27,0.1139809634308348,0.3376106684197566,0.261984065,7.256969451904297
ViTime_fixed_5seg_run28,0.1139809634308348,0.3376106684197566,0.262345175,7.256969451904297
ViTime_fixed_5seg_run29,0.1139809634308348,0.3376106684197566,0.261645011,7.256969451904297
ViTime_fixed_5seg_run30,0.1139809634308348,0.3376106684197566,0.264079886,7.256969451904297
ViTime_moving_5seg_run1,0.1139809634308348,0.3376106684197566,0.536674018,7.277803421020508
ViTime_moving_5seg_run2,0.1139809634308348,0.3376106684197566,0.260407733,7.257091522216797
ViTime_moving_5seg_run3,0.1139809634308348,0.3376106684197566,0.258154019,7.256969451904297
ViTime_moving_5seg_run4,0.1139809634308348,0.3376106684197566,0.259721915,7.256969451904297
ViTime_moving_5seg_run5,0.1139809634308348,0.3376106684197566,0.259610452,7.256969451904297
ViTime_moving_5seg_run6,0.1139809634308348,0.3376106684197566,0.258336055,7.256969451904297
ViTime_moving_5seg_run7,0.1139809634308348,0.3376106684197566,0.259909558,7.256969451904297
ViTime_moving_5seg_run8,0.1139809634308348,0.3376106684197566,0.255637882,7.256969451904297
ViTime_moving_5seg_run9,0.1139809634308348,0.3376106684197566,0.258486787,7.256969451904297
ViTime_moving_5seg_run10,0.1139809634308348,0.3376106684197566,0.260815555,7.256969451904297
ViTime_moving_5seg_run11,0.1139809634308348,0.3376106684197566,0.258432362,7.256969451904297
ViTime_moving_5seg_run12,0.1139809634308348,0.3376106684197566,0.261058514,7.256969451904297
ViTime_moving_5seg_run13,0.1139809634308348,0.3376106684197566,0.257681888,7.256969451904297
ViTime_moving_5seg_run14,0.1139809634308348,0.3376106684197566,0.258656412,7.256969451904297
ViTime_moving_5seg_run15,0.1139809634308348,0.3376106684197566,0.258661621,7.256969451904297
ViTime_moving_5seg_run16,0.1139809634308348,0.3376106684197566,0.264401513,7.256969451904297
ViTime_moving_5seg_run17,0.1139809634308348,0.3376106684197566,0.267464406,7.256969451904297
ViTime_moving_5seg_run18,0.1139809634308348,0.3376106684197566,0.260471181,7.256969451904297
ViTime_moving_5seg_run19,0.1139809634308348,0.3376106684197566,0.265084675,7.256969451904297
ViTime_moving_5seg_run20,0.1139809634308348,0.3376106684197566,0.263928785,7.256969451904297
ViTime_moving_5seg_run21,0.1139809634308348,0.3376106684197566,0.265057089,7.256969451904297
ViTime_moving_5seg_run22,0.1139809634308348,0.3376106684197566,0.264005887,7.256969451904297
ViTime_moving_5seg_run23,0.1139809634308348,0.3376106684197566,0.264917365,7.256969451904297
ViTime_moving_5seg_run24,0.1139809634308348,0.3376106684197566,0.26434722,7.256969451904297
ViTime_moving_5seg_run25,0.1139809634308348,0.3376106684197566,0.258272611,7.256969451904297
ViTime_moving_5seg_run26,0.1139809634308348,0.3376106684197566,0.260829288,7.256969451904297
ViTime_moving_5seg_run27,0.1139809634308348,0.3376106684197566,0.259838586,7.256969451904297
ViTime_moving_5seg_run28,0.1139809634308348,0.3376106684197566,0.259452093,7.256969451904297
ViTime_moving_5seg_run29,0.1139809634308348,0.3376106684197566,0.261719974,7.256969451904297
ViTime_moving_5seg_run30,0.1139809634308348,0.3376106684197566,0.259973522,7.256969451904297
ViTime_full_10seg_run1,67.72866359079566,8.229742619960582,0.54328107,7.277803421020508
ViTime_full_10seg_run2,67.72866359079566,8.229742619960582,0.260208495,7.257091522216797
ViTime_full_10seg_run3,67.72866359079566,8.229742619960582,0.259527152,7.256969451904297
ViTime_full_10seg_run4,67.72866359079566,8.229742619960582,0.260795378,7.256969451904297
ViTime_full_10seg_run5,67.72866359079566,8.229742619960582,0.260804701,7.256969451904297
ViTime_full_10seg_run6,67.72866359079566,8.229742619960582,0.268294633,7.256969451904297
ViTime_full_10seg_run7,67.72866359079566,8.229742619960582,0.263988768,7.256969451904297
ViTime_full_10seg_run8,67.72866359079566,8.229742619960582,0.265270081,7.256969451904297
ViTime_full_10seg_run9,67.72866359079566,8.229742619960582,0.266676148,7.256969451904297
ViTime_full_10seg_run10,67.72866359079566,8.229742619960582,0.265511579,7.256969451904297
ViTime_full_10seg_run11,67.72866359079566,8.229742619960582,0.269313105,7.256969451904297
ViTime_full_10seg_run12,67.72866359079566,8.229742619960582,0.264866645,7.256969451904297
ViTime_full_10seg_run13,67.72866359079566,8.229742619960582,0.266299457,7.256969451904297
ViTime_full_10seg_run14,67.72866359079566,8.229742619960582,0.264708816,7.256969451904297
ViTime_full_10seg_run15,67.72866359079566,8.229742619960582,0.261742613,7.256969451904297
ViTime_full_10seg_run16,67.72866359079566,8.229742619960582,0.262657204,7.256969451904297
ViTime_full_10seg_run17,67.72866359079566,8.229742619960582,0.261209084,7.256969451904297
ViTime_full_10seg_run18,67.72866359079566,8.229742619960582,0.262660964,7.256969451904297
ViTime_full_10seg_run19,67.72866359079566,8.229742619960582,0.262052636,7.256969451904297
ViTime_full_10seg_run20,67.72866359079566,8.229742619960582,0.262844883,7.256969451904297
ViTime_full_10seg_run21,67.72866359079566,8.229742619960582,0.264114327,7.256969451904297
ViTime_full_10seg_run22,67.72866359079566,8.229742619960582,0.262022738,7.256969451904297
ViTime_full_10seg_run23,67.72866359079566,8.229742619960582,0.263497108,7.256969451904297
ViTime_full_10seg_run24,67.72866359079566,8.229742619960582,0.266068352,7.256969451904297
ViTime_full_10seg_run25,67.72866359079566,8.229742619960582,0.262488056,7.256969451904297
ViTime_full_10seg_run26,67.72866359079566,8.229742619960582,0.261597363,7.256969451904297
ViTime_full_10seg_run27,67.72866359079566,8.229742619960582,0.261765498,7.256969451904297
ViTime_full_10seg_run28,67.72866359079566,8.229742619960582,0.263338017,7.256969451904297
ViTime_full_10seg_run29,67.72866359079566,8.229742619960582,0.262249399,7.256969451904297
ViTime_full_10seg_run30,67.72866359079566,8.229742619960582,0.263986212,7.256969451904297
ViTime_fixed_10seg_run1,1.7857372886759115,1.3363148164545329,0.545215748,7.277803421020508
ViTime_fixed_10seg_run2,1.7857372886759115,1.3363148164545329,0.264518943,7.257091522216797
ViTime_fixed_10seg_run3,1.7857372886759115,1.3363148164545329,0.261467254,7.256969451904297
ViTime_fixed_10seg_run4,1.7857372886759115,1.3363148164545329,0.263128653,7.256969451904297
ViTime_fixed_10seg_run5,1.7857372886759115,1.3363148164545329,0.260490095,7.256969451904297
ViTime_fixed_10seg_run6,1.7857372886759115,1.3363148164545329,0.261070592,7.256969451904297
ViTime_fixed_10seg_run7,1.7857372886759115,1.3363148164545329,0.263493526,7.256969451904297
ViTime_fixed_10seg_run8,1.7857372886759115,1.3363148164545329,0.261062583,7.256969451904297
ViTime_fixed_10seg_run9,1.7857372886759115,1.3363148164545329,0.261333377,7.256969451904297
ViTime_fixed_10seg_run10,1.7857372886759115,1.3363148164545329,0.262152356,7.256969451904297
ViTime_fixed_10seg_run11,1.7857372886759115,1.3363148164545329,0.264817979,7.256969451904297
ViTime_fixed_10seg_run12,1.7857372886759115,1.3363148164545329,0.261982952,7.256969451904297
ViTime_fixed_10seg_run13,1.7857372886759115,1.3363148164545329,0.263285955,7.256969451904297
ViTime_fixed_10seg_run14,1.7857372886759115,1.3363148164545329,0.263330923,7.256969451904297
ViTime_fixed_10seg_run15,1.7857372886759115,1.3363148164545329,0.261653806,7.256969451904297
ViTime_fixed_10seg_run16,1.7857372886759115,1.3363148164545329,0.262083074,7.256969451904297
ViTime_fixed_10seg_run17,1.7857372886759115,1.3363148164545329,0.264167345,7.256969451904297
ViTime_fixed_10seg_run18,1.7857372886759115,1.3363148164545329,0.263654348,7.256969451904297
ViTime_fixed_10seg_run19,1.7857372886759115,1.3363148164545329,0.263476446,7.256969451904297
ViTime_fixed_10seg_run20,1.7857372886759115,1.3363148164545329,0.264337427,7.256969451904297
ViTime_fixed_10seg_run21,1.7857372886759115,1.3363148164545329,0.26526739,7.256969451904297
ViTime_fixed_10seg_run22,1.7857372886759115,1.3363148164545329,0.263826452,7.256969451904297
ViTime_fixed_10seg_run23,1.7857372886759115,1.3363148164545329,0.264370813,7.256969451904297
ViTime_fixed_10seg_run24,1.7857372886759115,1.3363148164545329,0.262678019,7.256969451904297
ViTime_fixed_10seg_run25,1.7857372886759115,1.3363148164545329,0.262947702,7.256969451904297
ViTime_fixed_10seg_run26,1.7857372886759115,1.3363148164545329,0.261381165,7.256969451904297
ViTime_fixed_10seg_run27,1.7857372886759115,1.3363148164545329,0.264656615,7.256969451904297
ViTime_fixed_10seg_run28,1.7857372886759115,1.3363148164545329,0.263023588,7.256969451904297
ViTime_fixed_10seg_run29,1.7857372886759115,1.3363148164545329,0.264829547,7.256969451904297
ViTime_fixed_10seg_run30,1.7857372886759115,1.3363148164545329,0.269092033,7.256969451904297
ViTime_moving_10seg_run1,1.7857372886759115,1.3363148164545329,0.532116918,7.277803421020508
ViTime_moving_10seg_run2,1.7857372886759115,1.3363148164545329,0.262833013,7.257091522216797
ViTime_moving_10seg_run3,1.7857372886759115,1.3363148164545329,0.262227351,7.256969451904297
ViTime_moving_10seg_run4,1.7857372886759115,1.3363148164545329,0.262045284,7.256969451904297
ViTime_moving_10seg_run5,1.7857372886759115,1.3363148164545329,0.262614772,7.256969451904297
ViTime_moving_10seg_run6,1.7857372886759115,1.3363148164545329,0.265807509,7.256969451904297
ViTime_moving_10seg_run7,1.7857372886759115,1.3363148164545329,0.264177535,7.256969451904297
ViTime_moving_10seg_run8,1.7857372886759115,1.3363148164545329,0.266449365,7.256969451904297
ViTime_moving_10seg_run9,1.7857372886759115,1.3363148164545329,0.263994886,7.256969451904297
ViTime_moving_10seg_run10,1.7857372886759115,1.3363148164545329,0.263430275,7.256969451904297
ViTime_moving_10seg_run11,1.7857372886759115,1.3363148164545329,0.265525332,7.256969451904297
ViTime_moving_10seg_run12,1.7857372886759115,1.3363148164545329,0.268283468,7.256969451904297
ViTime_moving_10seg_run13,1.7857372886759115,1.3363148164545329,0.265661948,7.256969451904297
ViTime_moving_10seg_run14,1.7857372886759115,1.3363148164545329,0.264546367,7.256969451904297
ViTime_moving_10seg_run15,1.7857372886759115,1.3363148164545329,0.265078746,7.256969451904297
ViTime_moving_10seg_run16,1.7857372886759115,1.3363148164545329,0.264882614,7.256969451904297
ViTime_moving_10seg_run17,1.7857372886759115,1.3363148164545329,0.264490995,7.256969451904297
ViTime_moving_10seg_run18,1.7857372886759115,1.3363148164545329,0.273030289,7.256969451904297
ViTime_moving_10seg_run19,1.7857372886759115,1.3363148164545329,0.269254949,7.256969451904297
ViTime_moving_10seg_run20,1.7857372886759115,1.3363148164545329,0.269514375,7.256969451904297
ViTime_moving_10seg_run21,1.7857372886759115,1.3363148164545329,0.268118157,7.256969451904297
ViTime_moving_10seg_run22,1.7857372886759115,1.3363148164545329,0.27023956,7.256969451904297
ViTime_moving_10seg_run23,1.7857372886759115,1.3363148164545329,0.268760201,7.256969451904297
ViTime_moving_10seg_run24,1.7857372886759115,1.3363148164545329,0.269086264,7.256969451904297
ViTime_moving_10seg_run25,1.7857372886759115,1.3363148164545329,0.272598791,7.256969451904297
ViTime_moving_10seg_run26,1.7857372886759115,1.3363148164545329,0.268189194,7.256969451904297
ViTime_moving_10seg_run27,1.7857372886759115,1.3363148164545329,0.264690967,7.256969451904297
ViTime_moving_10seg_run28,1.7857372886759115,1.3363148164545329,0.264919868,7.256969451904297
ViTime_moving_10seg_run29,1.7857372886759115,1.3363148164545329,0.265248373,7.256969451904297
ViTime_moving_10seg_run30,1.7857372886759115,1.3363148164545329,0.26488093,7.256969451904297
ViTime_full_30seg_run1,28.443331685660308,5.333229011177028,0.540365233,7.277803421020508
ViTime_full_30seg_run2,28.443331685660308,5.333229011177028,0.265759309,7.257091522216797
ViTime_full_30seg_run3,28.443331685660308,5.333229011177028,0.26677818,7.256969451904297
ViTime_full_30seg_run4,28.443331685660308,5.333229011177028,0.265379249,7.256969451904297
ViTime_full_30seg_run5,28.443331685660308,5.333229011177028,0.2693985,7.256969451904297
ViTime_full_30seg_run6,28.443331685660308,5.333229011177028,0.270912876,7.256969451904297
ViTime_full_30seg_run7,28.443331685660308,5.333229011177028,0.269683678,7.256969451904297
ViTime_full_30seg_run8,28.443331685660308,5.333229011177028,0.270097075,7.256969451904297
ViTime_full_30seg_run9,28.443331685660308,5.333229011177028,0.271039576,7.256969451904297
ViTime_full_30seg_run10,28.443331685660308,5.333229011177028,0.270785224,7.256969451904297
ViTime_full_30seg_run11,28.443331685660308,5.333229011177028,0.263789974,7.256969451904297
ViTime_full_30seg_run12,28.443331685660308,5.333229011177028,0.271181618,7.256969451904297
ViTime_full_30seg_run13,28.443331685660308,5.333229011177028,0.272093568,7.256969451904297
ViTime_full_30seg_run14,28.443331685660308,5.333229011177028,0.267751707,7.256969451904297
ViTime_full_30seg_run15,28.443331685660308,5.333229011177028,0.265833662,7.256969451904297
ViTime_full_30seg_run16,28.443331685660308,5.333229011177028,0.266452818,7.256969451904297
ViTime_full_30seg_run17,28.443331685660308,5.333229011177028,0.270823591,7.256969451904297
ViTime_full_30seg_run18,28.443331685660308,5.333229011177028,0.266574764,7.256969451904297
ViTime_full_30seg_run19,28.443331685660308,5.333229011177028,0.267490645,7.256969451904297
ViTime_full_30seg_run20,28.443331685660308,5.333229011177028,0.267210765,7.256969451904297
ViTime_full_30seg_run21,28.443331685660308,5.333229011177028,0.266029254,7.256969451904297
ViTime_full_30seg_run22,28.443331685660308,5.333229011177028,0.26749949,7.256969451904297
ViTime_full_30seg_run23,28.443331685660308,5.333229011177028,0.266499651,7.256969451904297
ViTime_full_30seg_run24,28.443331685660308,5.333229011177028,0.26814699,7.256969451904297
ViTime_full_30seg_run25,28.443331685660308,5.333229011177028,0.267543698,7.256969451904297
ViTime_full_30seg_run26,28.443331685660308,5.333229011177028,0.268487664,7.256969451904297
ViTime_full_30seg_run27,28.443331685660308,5.333229011177028,0.267698844,7.256969451904297
ViTime_full_30seg_run28,28.443331685660308,5.333229011177028,0.269135652,7.256969451904297
ViTime_full_30seg_run29,28.443331685660308,5.333229011177028,0.26806543,7.256969451904297
ViTime_full_30seg_run30,28.443331685660308,5.333229011177028,0.265210198,7.256969451904297
ViTime_fixed_30seg_run1,19.90542825406523,4.461549983365112,0.524581877,7.277803421020508
ViTime_fixed_30seg_run2,19.905426305583752,4.461549765001367,0.267337528,7.257091522216797
ViTime_fixed_30seg_run3,19.90542825406523,4.461549983365112,0.271499523,7.256969451904297
ViTime_fixed_30seg_run4,19.90542825406523,4.461549983365112,0.265332354,7.256969451904297
ViTime_fixed_30seg_run5,19.90542825406523,4.461549983365112,0.271255911,7.256969451904297
ViTime_fixed_30seg_run6,19.905426305583752,4.461549765001367,0.269825748,7.256969451904297
ViTime_fixed_30seg_run7,19.90542825406523,4.461549983365112,0.26763846,7.256969451904297
ViTime_fixed_30seg_run8,19.90542825406523,4.461549983365112,0.26507771,7.256969451904297
ViTime_fixed_30seg_run9,19.905426305583752,4.461549765001367,0.270807831,7.256969451904297
ViTime_fixed_30seg_run10,19.90542825406523,4.461549983365112,0.267838773,7.256969451904297
ViTime_fixed_30seg_run11,19.90542825406523,4.461549983365112,0.265178365,7.256969451904297
ViTime_fixed_30seg_run12,19.90542825406523,4.461549983365112,0.27144548,7.256969451904297
ViTime_fixed_30seg_run13,19.90542825406523,4.461549983365112,0.268443268,7.256969451904297
ViTime_fixed_30seg_run14,19.90542825406523,4.461549983365112,0.268233293,7.256969451904297
ViTime_fixed_30seg_run15,19.90542825406523,4.461549983365112,0.275252378,7.256969451904297
ViTime_fixed_30seg_run16,19.90542825406523,4.461549983365112,0.270342028,7.256969451904297
ViTime_fixed_30seg_run17,19.90542825406523,4.461549983365112,0.269088736,7.256969451904297
ViTime_fixed_30seg_run18,19.90542825406523,4.461549983365112,0.272495871,7.256969451904297
ViTime_fixed_30seg_run19,19.90542825406523,4.461549983365112,0.267208997,7.256969451904297
ViTime_fixed_30seg_run20,19.90542825406523,4.461549983365112,0.267734311,7.256969451904297
ViTime_fixed_30seg_run21,19.905426305583752,4.461549765001367,0.267996993,7.256969451904297
ViTime_fixed_30seg_run22,19.90542825406523,4.461549983365112,0.26842288,7.256969451904297
ViTime_fixed_30seg_run23,19.90542825406523,4.461549983365112,0.268281148,7.256969451904297
ViTime_fixed_30seg_run24,19.90542825406523,4.461549983365112,0.267076431,7.256969451904297
ViTime_fixed_30seg_run25,19.90542825406523,4.461549983365112,0.268207778,7.256969451904297
ViTime_fixed_30seg_run26,19.905426305583752,4.461549765001367,0.267057482,7.256969451904297
ViTime_fixed_30seg_run27,19.90542825406523,4.461549983365112,0.269229684,7.256969451904297
ViTime_fixed_30seg_run28,19.90542825406523,4.461549983365112,0.273252908,7.256969451904297
ViTime_fixed_30seg_run29,19.90542825406523,4.461549983365112,0.274325095,7.256969451904297
ViTime_fixed_30seg_run30,19.905426305583752,4.461549765001367,0.273551167,7.256969451904297
ViTime_moving_30seg_run1,19.90542825406523,4.461549983365112,0.520440652,7.277803421020508
ViTime_moving_30seg_run2,19.905426305583752,4.461549765001367,0.271253566,7.257091522216797
ViTime_moving_30seg_run3,19.90542825406523,4.461549983365112,0.268375638,7.256969451904297
ViTime_moving_30seg_run4,19.90542825406523,4.461549983365112,0.268508588,7.256969451904297
ViTime_moving_30seg_run5,19.90542825406523,4.461549983365112,0.268981398,7.256969451904297
ViTime_moving_30seg_run6,19.90542825406523,4.461549983365112,0.268901845,7.256969451904297
ViTime_moving_30seg_run7,19.90542825406523,4.461549983365112,0.265652952,7.256969451904297
ViTime_moving_30seg_run8,19.90542825406523,4.461549983365112,0.267298489,7.256969451904297
ViTime_moving_30seg_run9,19.90542825406523,4.461549983365112,0.268065174,7.256969451904297
ViTime_moving_30seg_run10,19.90542825406523,4.461549983365112,0.26718089,7.256969451904297
ViTime_moving_30seg_run11,19.90542825406523,4.461549983365112,0.266987668,7.256969451904297
ViTime_moving_30seg_run12,19.90542825406523,4.461549983365112,0.268435585,7.256969451904297
ViTime_moving_30seg_run13,19.90542825406523,4.461549983365112,0.269222242,7.256969451904297
ViTime_moving_30seg_run14,19.90542825406523,4.461549983365112,0.27280157,7.256969451904297
ViTime_moving_30seg_run15,19.90542825406523,4.461549983365112,0.275443289,7.256969451904297
ViTime_moving_30seg_run16,19.90542825406523,4.461549983365112,0.278464122,7.256969451904297
ViTime_moving_30seg_run17,19.90542825406523,4.461549983365112,0.27362822,7.256969451904297
ViTime_moving_30seg_run18,19.90542825406523,4.461549983365112,0.276241433,7.256969451904297
ViTime_moving_30seg_run19,19.90542825406523,4.461549983365112,0.276907832,7.256969451904297
ViTime_moving_30seg_run20,19.90542825406523,4.461549983365112,0.273584183,7.256969451904297
ViTime_moving_30seg_run21,19.90542825406523,4.461549983365112,0.270955739,7.256969451904297
ViTime_moving_30seg_run22,19.90542825406523,4.461549983365112,0.269874223,7.256969451904297
ViTime_moving_30seg_run23,19.90542825406523,4.461549983365112,0.270040088,7.256969451904297
ViTime_moving_30seg_run24,19.90542825406523,4.461549983365112,0.270288554,7.256969451904297
ViTime_moving_30seg_run25,19.90542825406523,4.461549983365112,0.269203334,7.256969451904297
ViTime_moving_30seg_run26,19.90542825406523,4.461549983365112,0.269005632,7.256969451904297
ViTime_moving_30seg_run27,19.90542825406523,4.461549983365112,0.271210635,7.256969451904297
ViTime_moving_30seg_run28,19.90542825406523,4.461549983365112,0.271349842,7.256969451904297
ViTime_moving_30seg_run29,19.90542825406523,4.461549983365112,0.270331276,7.256969451904297
ViTime_moving_30seg_run30,19.90542825406523,4.461549983365112,0.269238939,7.256969451904297
ViTime_full_1min_run1,30.90407871389527,5.559143703295973,0.656373071,7.277751922607422
ViTime_full_1min_run2,30.90407871389527,5.559143703295973,0.275026252,7.257091522216797
ViTime_full_1min_run3,30.90407871389527,5.559143703295973,0.274673435,7.256969451904297
ViTime_full_1min_run4,30.90407871389527,5.559143703295973,0.273108862,7.256969451904297
ViTime_full_1min_run5,30.90407871389527,5.559143703295973,0.275105481,7.256969451904297
ViTime_full_1min_run6,30.90407871389527,5.559143703295973,0.276819433,7.256969451904297
ViTime_full_1min_run7,30.90407871389527,5.559143703295973,0.270394584,7.256969451904297
ViTime_full_1min_run8,30.90407871389527,5.559143703295973,0.270417341,7.256969451904297
ViTime_full_1min_run9,30.90407871389527,5.559143703295973,0.270791855,7.256969451904297
ViTime_full_1min_run10,30.90407871389527,5.559143703295973,0.272895712,7.256969451904297
ViTime_full_1min_run11,30.90407871389527,5.559143703295973,0.27142137,7.256969451904297
ViTime_full_1min_run12,30.90407871389527,5.559143703295973,0.270787846,7.256969451904297
ViTime_full_1min_run13,30.90407871389527,5.559143703295973,0.27010606,7.256969451904297
ViTime_full_1min_run14,30.90407871389527,5.559143703295973,0.27110349,7.256969451904297
ViTime_full_1min_run15,30.90407871389527,5.559143703295973,0.272463881,7.256969451904297
ViTime_full_1min_run16,30.90407871389527,5.559143703295973,0.270401555,7.256969451904297
ViTime_full_1min_run17,30.90407871389527,5.559143703295973,0.270699005,7.256969451904297
ViTime_full_1min_run18,30.90407871389527,5.559143703295973,0.270200399,7.256969451904297
ViTime_full_1min_run19,30.90407871389527,5.559143703295973,0.270445154,7.256969451904297
ViTime_full_1min_run20,30.90407871389527,5.559143703295973,0.271957292,7.256969451904297
ViTime_full_1min_run21,30.90407871389527,5.559143703295973,0.252961305,7.256969451904297
ViTime_full_1min_run22,30.90407871389527,5.559143703295973,0.27011624,7.256969451904297
ViTime_full_1min_run23,30.90407871389527,5.559143703295973,0.271073945,7.256969451904297
ViTime_full_1min_run24,30.90407871389527,5.559143703295973,0.271198783,7.256969451904297
ViTime_full_1min_run25,30.90407871389527,5.559143703295973,0.269975925,7.256969451904297
ViTime_full_1min_run26,30.90407871389527,5.559143703295973,0.27041424,7.256969451904297
ViTime_full_1min_run27,30.90407871389527,5.559143703295973,0.271193927,7.256969451904297
ViTime_full_1min_run28,30.90407871389527,5.559143703295973,0.271823411,7.256969451904297
ViTime_full_1min_run29,30.90407871389527,5.559143703295973,0.272463934,7.256969451904297
ViTime_full_1min_run30,30.90407871389527,5.559143703295973,0.272645536,7.256969451904297
ViTime_fixed_1min_run1,62.06313922236078,7.878016198406854,0.516274018,7.277803421020508
ViTime_fixed_1min_run2,62.06313922236078,7.878016198406854,0.273680509,7.257091522216797
ViTime_fixed_1min_run3,62.06313922236078,7.878016198406854,0.273145664,7.256969451904297
ViTime_fixed_1min_run4,62.06313922236078,7.878016198406854,0.271005323,7.256969451904297
ViTime_fixed_1min_run5,62.06313922236078,7.878016198406854,0.271533491,7.256969451904297
ViTime_fixed_1min_run6,62.06313922236078,7.878016198406854,0.27113942,7.256969451904297
ViTime_fixed_1min_run7,62.06313922236078,7.878016198406854,0.27074046,7.256969451904297
ViTime_fixed_1min_run8,62.06313922236078,7.878016198406854,0.271088902,7.256969451904297
ViTime_fixed_1min_run9,62.06313922236078,7.878016198406854,0.273202101,7.256969451904297
ViTime_fixed_1min_run10,62.06313922236078,7.878016198406854,0.271127552,7.256969451904297
ViTime_fixed_1min_run11,62.06313922236078,7.878016198406854,0.271461459,7.256969451904297
ViTime_fixed_1min_run12,62.06313922236078,7.878016198406854,0.27165429,7.256969451904297
ViTime_fixed_1min_run13,62.06313922236078,7.878016198406854,0.271951326,7.256969451904297
ViTime_fixed_1min_run14,62.06313922236078,7.878016198406854,0.273615524,7.256969451904297
ViTime_fixed_1min_run15,62.06313922236078,7.878016198406854,0.271705777,7.256969451904297
ViTime_fixed_1min_run16,62.06313922236078,7.878016198406854,0.275052784,7.256969451904297
ViTime_fixed_1min_run17,62.06313922236078,7.878016198406854,0.273415663,7.256969451904297
ViTime_fixed_1min_run18,62.06313922236078,7.878016198406854,0.272628341,7.256969451904297
ViTime_fixed_1min_run19,62.06313922236078,7.878016198406854,0.278275431,7.256969451904297
ViTime_fixed_1min_run20,62.06313922236078,7.878016198406854,0.27584068,7.256969451904297
ViTime_fixed_1min_run21,62.06313922236078,7.878016198406854,0.278646001,7.256969451904297
ViTime_fixed_1min_run22,62.06313922236078,7.878016198406854,0.27643889,7.256969451904297
ViTime_fixed_1min_run23,62.06313922236078,7.878016198406854,0.278896857,7.256969451904297
ViTime_fixed_1min_run24,62.06313922236078,7.878016198406854,0.277380176,7.256969451904297
ViTime_fixed_1min_run25,62.06313922236078,7.878016198406854,0.276932951,7.256969451904297
ViTime_fixed_1min_run26,62.06313922236078,7.878016198406854,0.275832616,7.256969451904297
ViTime_fixed_1min_run27,62.06313922236078,7.878016198406854,0.273539462,7.256969451904297
ViTime_fixed_1min_run28,62.06313922236078,7.878016198406854,0.276007238,7.256969451904297
ViTime_fixed_1min_run29,62.06313922236078,7.878016198406854,0.276005821,7.256969451904297
ViTime_fixed_1min_run30,62.06313922236078,7.878016198406854,0.269833686,7.256969451904297
ViTime_moving_1min_run1,62.06314701646863,7.878016693081364,0.549973058,7.277803421020508
ViTime_moving_1min_run2,62.06313922236078,7.878016198406854,0.271129007,7.257091522216797
ViTime_moving_1min_run3,62.06313922236078,7.878016198406854,0.272593749,7.256969451904297
ViTime_moving_1min_run4,62.06313922236078,7.878016198406854,0.276824405,7.256969451904297
ViTime_moving_1min_run5,62.06313922236078,7.878016198406854,0.278100747,7.256969451904297
ViTime_moving_1min_run6,62.06313922236078,7.878016198406854,0.281816798,7.256969451904297
ViTime_moving_1min_run7,62.06313922236078,7.878016198406854,0.275882461,7.256969451904297
ViTime_moving_1min_run8,62.06313922236078,7.878016198406854,0.279676465,7.256969451904297
ViTime_moving_1min_run9,62.06313922236078,7.878016198406854,0.277632351,7.256969451904297
ViTime_moving_1min_run10,62.06313922236078,7.878016198406854,0.278705434,7.256969451904297
ViTime_moving_1min_run11,62.06313922236078,7.878016198406854,0.274439782,7.256969451904297
ViTime_moving_1min_run12,62.06313922236078,7.878016198406854,0.275672781,7.256969451904297
ViTime_moving_1min_run13,62.06313922236078,7.878016198406854,0.27083706,7.256969451904297
ViTime_moving_1min_run14,62.06313922236078,7.878016198406854,0.275756218,7.256969451904297
ViTime_moving_1min_run15,62.06313922236078,7.878016198406854,0.273209204,7.256969451904297
ViTime_moving_1min_run16,62.06313922236078,7.878016198406854,0.273080273,7.256969451904297
ViTime_moving_1min_run17,62.06313922236078,7.878016198406854,0.274700321,7.256969451904297
ViTime_moving_1min_run18,62.06313922236078,7.878016198406854,0.27336687,7.256969451904297
ViTime_moving_1min_run19,62.06313922236078,7.878016198406854,0.275399961,7.256969451904297
ViTime_moving_1min_run20,62.06313922236078,7.878016198406854,0.273824014,7.256969451904297
ViTime_moving_1min_run21,62.06313922236078,7.878016198406854,0.273635141,7.256969451904297
ViTime_moving_1min_run22,62.06313922236078,7.878016198406854,0.274154267,7.256969451904297
ViTime_moving_1min_run23,62.06313922236078,7.878016198406854,0.273288346,7.256969451904297
ViTime_moving_1min_run24,62.06314701646863,7.878016693081364,0.272332415,7.256969451904297
ViTime_moving_1min_run25,62.06313922236078,7.878016198406854,0.27484121,7.256969451904297
ViTime_moving_1min_run26,62.06313922236078,7.878016198406854,0.271527951,7.256969451904297
ViTime_moving_1min_run27,62.06313922236078,7.878016198406854,0.2791621,7.256969451904297
ViTime_moving_1min_run28,62.06313922236078,7.878016198406854,0.275326076,7.256969451904297
ViTime_moving_1min_run29,62.06314701646863,7.878016693081364,0.275360459,7.256969451904297
ViTime_moving_1min_run30,62.06313922236078,7.878016198406854,0.276250351,7.256969451904297
ViTime_full_3min_run1,42.24221006604272,6.499400746687553,0.519931368,7.277803421020508
ViTime_full_3min_run2,42.24221006604272,6.499400746687553,0.273724709,7.257091522216797
ViTime_full_3min_run3,42.24221006604272,6.499400746687553,0.274297517,7.256969451904297
ViTime_full_3min_run4,42.24221006604272,6.499400746687553,0.273636306,7.256969451904297
ViTime_full_3min_run5,42.24221006604272,6.499400746687553,0.273983437,7.256969451904297
ViTime_full_3min_run6,42.24221006604272,6.499400746687553,0.273425705,7.256969451904297
ViTime_full_3min_run7,42.24221006604272,6.499400746687553,0.272415629,7.256969451904297
ViTime_full_3min_run8,42.24221006604272,6.499400746687553,0.276052274,7.256969451904297
ViTime_full_3min_run9,42.24221006604272,6.499400746687553,0.274446479,7.256969451904297
ViTime_full_3min_run10,42.24221006604272,6.499400746687553,0.274141702,7.256969451904297
ViTime_full_3min_run11,42.24221006604272,6.499400746687553,0.274376845,7.256969451904297
ViTime_full_3min_run12,42.24221006604272,6.499400746687553,0.276607008,7.256969451904297
ViTime_full_3min_run13,42.24221006604272,6.499400746687553,0.276189728,7.256969451904297
ViTime_full_3min_run14,42.24221006604272,6.499400746687553,0.275610643,7.256969451904297
ViTime_full_3min_run15,42.24221006604272,6.499400746687553,0.279153315,7.256969451904297
ViTime_full_3min_run16,42.24221006604272,6.499400746687553,0.273900944,7.256969451904297
ViTime_full_3min_run17,42.24221006604272,6.499400746687553,0.273787708,7.256969451904297
ViTime_full_3min_run18,42.24221006604272,6.499400746687553,0.271166464,7.256969451904297
ViTime_full_3min_run19,42.24221006604272,6.499400746687553,0.275305263,7.256969451904297
ViTime_full_3min_run20,42.24221006604272,6.499400746687553,0.280851658,7.256969451904297
ViTime_full_3min_run21,42.24221006604272,6.499400746687553,0.278578409,7.256969451904297
ViTime_full_3min_run22,42.24221006604272,6.499400746687553,0.285126629,7.256969451904297
ViTime_full_3min_run23,42.24221006604272,6.499400746687553,0.278995274,7.256969451904297
ViTime_full_3min_run24,42.24221006604272,6.499400746687553,0.277678369,7.256969451904297
ViTime_full_3min_run25,42.24221006604272,6.499400746687553,0.280687502,7.256969451904297
ViTime_full_3min_run26,42.24221006604272,6.499400746687553,0.275525904,7.256969451904297
ViTime_full_3min_run27,42.24221006604272,6.499400746687553,0.276076203,7.256969451904297
ViTime_full_3min_run28,42.24221006604272,6.499400746687553,0.273129962,7.256969451904297
ViTime_full_3min_run29,42.24221006604272,6.499400746687553,0.275960162,7.256969451904297
ViTime_full_3min_run30,42.24221006604272,6.499400746687553,0.273846157,7.256969451904297
ViTime_fixed_3min_run1,37.35511178674779,6.111882834834761,0.57517152,7.277803421020508
ViTime_fixed_3min_run2,37.35511178674779,6.111882834834761,0.273863191,7.257091522216797
ViTime_fixed_3min_run3,37.35511178674779,6.111882834834761,0.277240686,7.256969451904297
ViTime_fixed_3min_run4,37.35511178674779,6.111882834834761,0.281596176,7.256969451904297
ViTime_fixed_3min_run5,37.35511178674779,6.111882834834761,0.281933913,7.256969451904297
ViTime_fixed_3min_run6,37.35511178674779,6.111882834834761,0.277512731,7.256969451904297
ViTime_fixed_3min_run7,37.35511178674779,6.111882834834761,0.278680166,7.256969451904297
ViTime_fixed_3min_run8,37.35511178674779,6.111882834834761,0.28036844,7.256969451904297
ViTime_fixed_3min_run9,37.35511178674779,6.111882834834761,0.277059265,7.256969451904297
ViTime_fixed_3min_run10,37.35511178674779,6.111882834834761,0.273927923,7.256969451904297
ViTime_fixed_3min_run11,37.35511178674779,6.111882834834761,0.274454221,7.256969451904297
ViTime_fixed_3min_run12,37.35511178674779,6.111882834834761,0.274874742,7.256969451904297
ViTime_fixed_3min_run13,37.35511178674779,6.111882834834761,0.276275299,7.256969451904297
ViTime_fixed_3min_run14,37.35511178674779,6.111882834834761,0.276481621,7.256969451904297
ViTime_fixed_3min_run15,37.35511178674779,6.111882834834761,0.274584396,7.256969451904297
ViTime_fixed_3min_run16,37.35511178674779,6.111882834834761,0.274098576,7.256969451904297
ViTime_fixed_3min_run17,37.35511178674779,6.111882834834761,0.275376493,7.256969451904297
ViTime_fixed_3min_run18,37.35511178674779,6.111882834834761,0.274942159,7.256969451904297
ViTime_fixed_3min_run19,37.35511178674779,6.111882834834761,0.277920069,7.256969451904297
ViTime_fixed_3min_run20,37.35511178674779,6.111882834834761,0.276557198,7.256969451904297
ViTime_fixed_3min_run21,37.35511178674779,6.111882834834761,0.275772419,7.256969451904297
ViTime_fixed_3min_run22,37.35511178674779,6.111882834834761,0.278369677,7.256969451904297
ViTime_fixed_3min_run23,37.35511178674779,6.111882834834761,0.276283885,7.256969451904297
ViTime_fixed_3min_run24,37.35511178674779,6.111882834834761,0.275688036,7.256969451904297
ViTime_fixed_3min_run25,37.35511178674779,6.111882834834761,0.28203883,7.256969451904297
ViTime_fixed_3min_run26,37.35511178674779,6.111882834834761,0.273918673,7.256969451904297
ViTime_fixed_3min_run27,37.35511178674779,6.111882834834761,0.274972795,7.256969451904297
ViTime_fixed_3min_run28,37.35511178674779,6.111882834834761,0.276533239,7.256969451904297
ViTime_fixed_3min_run29,37.35511178674779,6.111882834834761,0.276329234,7.256969451904297
ViTime_fixed_3min_run30,37.35511178674779,6.111882834834761,0.277310689,7.256969451904297
ViTime_moving_3min_run1,37.35511178674779,6.111882834834761,0.532807477,7.277803421020508
ViTime_moving_3min_run2,37.35511178674779,6.111882834834761,0.274688668,7.257091522216797
ViTime_moving_3min_run3,37.35511178674779,6.111882834834761,0.275717801,7.256969451904297
ViTime_moving_3min_run4,37.35511178674779,6.111882834834761,0.27627318,7.256969451904297
ViTime_moving_3min_run5,37.35511178674779,6.111882834834761,0.277535607,7.256969451904297
ViTime_moving_3min_run6,37.35511178674779,6.111882834834761,0.275906168,7.256969451904297
ViTime_moving_3min_run7,37.35511178674779,6.111882834834761,0.273688141,7.256969451904297
ViTime_moving_3min_run8,37.35511178674779,6.111882834834761,0.273271908,7.256969451904297
ViTime_moving_3min_run9,37.35511178674779,6.111882834834761,0.276412305,7.256969451904297
ViTime_moving_3min_run10,37.35511178674779,6.111882834834761,0.275773761,7.256969451904297
ViTime_moving_3min_run11,37.35511178674779,6.111882834834761,0.276794209,7.256969451904297
ViTime_moving_3min_run12,37.35511178674779,6.111882834834761,0.281658541,7.256969451904297
ViTime_moving_3min_run13,37.35511178674779,6.111882834834761,0.272696238,7.256969451904297
ViTime_moving_3min_run14,37.35511178674779,6.111882834834761,0.275820356,7.256969451904297
ViTime_moving_3min_run15,37.35511178674779,6.111882834834761,0.275742259,7.256969451904297
ViTime_moving_3min_run16,37.35511178674779,6.111882834834761,0.276624583,7.256969451904297
ViTime_moving_3min_run17,37.35511178674779,6.111882834834761,0.28307265,7.256969451904297
ViTime_moving_3min_run18,37.35511178674779,6.111882834834761,0.284809211,7.256969451904297
ViTime_moving_3min_run19,37.35511178674779,6.111882834834761,0.281562709,7.256969451904297
ViTime_moving_3min_run20,37.35511178674779,6.111882834834761,0.282532507,7.256969451904297
ViTime_moving_3min_run21,37.35511178674779,6.111882834834761,0.284376518,7.256969451904297
ViTime_moving_3min_run22,37.35511178674779,6.111882834834761,0.280503346,7.256969451904297
ViTime_moving_3min_run23,37.35511178674779,6.111882834834761,0.277166728,7.256969451904297
ViTime_moving_3min_run24,37.35511178674779,6.111882834834761,0.27797715,7.256969451904297
ViTime_moving_3min_run25,37.35511178674779,6.111882834834761,0.275170902,7.256969451904297
ViTime_moving_3min_run26,37.35511178674779,6.111882834834761,0.276567085,7.256969451904297
ViTime_moving_3min_run27,37.35511178674779,6.111882834834761,0.275704272,7.256969451904297
ViTime_moving_3min_run28,37.35511178674779,6.111882834834761,0.276023898,7.256969451904297
ViTime_moving_3min_run29,37.35511178674779,6.111882834834761,0.274671407,7.256969451904297
ViTime_moving_3min_run30,37.35511178674779,6.111882834834761,0.277127842,7.256969451904297
ViTime_full_5min_run1,22.99260463970948,4.795060441715983,0.665181106,7.277803421020508
ViTime_full_5min_run2,22.99260463970948,4.795060441715983,0.279318394,7.257091522216797
ViTime_full_5min_run3,22.99260463970948,4.795060441715983,0.278711228,7.256969451904297
ViTime_full_5min_run4,22.99260463970948,4.795060441715983,0.280067067,7.256969451904297
ViTime_full_5min_run5,22.99260463970948,4.795060441715983,0.282603146,7.256969451904297
ViTime_full_5min_run6,22.99260463970948,4.795060441715983,0.275026203,7.256969451904297
ViTime_full_5min_run7,22.99260463970948,4.795060441715983,0.273318388,7.256969451904297
ViTime_full_5min_run8,22.99260463970948,4.795060441715983,0.273751615,7.256969451904297
ViTime_full_5min_run9,22.99260463970948,4.795060441715983,0.277540321,7.256969451904297
ViTime_full_5min_run10,22.99260463970948,4.795060441715983,0.277047384,7.256969451904297
ViTime_full_5min_run11,22.99260463970948,4.795060441715983,0.274223859,7.256969451904297
ViTime_full_5min_run12,22.99260463970948,4.795060441715983,0.275785431,7.256969451904297
ViTime_full_5min_run13,22.99260463970948,4.795060441715983,0.277994312,7.256969451904297
ViTime_full_5min_run14,22.99260463970948,4.795060441715983,0.275687437,7.256969451904297
ViTime_full_5min_run15,22.99260463970948,4.795060441715983,0.278226635,7.256969451904297
ViTime_full_5min_run16,22.99260463970948,4.795060441715983,0.278107271,7.256969451904297
ViTime_full_5min_run17,22.99260463970948,4.795060441715983,0.277144385,7.256969451904297
ViTime_full_5min_run18,22.99260463970948,4.795060441715983,0.278429854,7.256969451904297
ViTime_full_5min_run19,22.99260463970948,4.795060441715983,0.279949294,7.256969451904297
ViTime_full_5min_run20,22.99260463970948,4.795060441715983,0.280448898,7.256969451904297
ViTime_full_5min_run21,22.99260463970948,4.795060441715983,0.279694988,7.256969451904297
ViTime_full_5min_run22,22.99260463970948,4.795060441715983,0.278007494,7.256969451904297
ViTime_full_5min_run23,22.99260463970948,4.795060441715983,0.279849909,7.256969451904297
ViTime_full_5min_run24,22.99260463970948,4.795060441715983,0.275988984,7.256969451904297
ViTime_full_5min_run25,22.99260463970948,4.795060441715983,0.277081941,7.256969451904297
ViTime_full_5min_run26,22.99260463970948,4.795060441715983,0.278266518,7.256969451904297
ViTime_full_5min_run27,22.99260463970948,4.795060441715983,0.276782243,7.256969451904297
ViTime_full_5min_run28,22.99260463970948,4.795060441715983,0.278453443,7.256969451904297
ViTime_full_5min_run29,22.99260463970948,4.795060441715983,0.276493054,7.256969451904297
ViTime_full_5min_run30,22.99260463970948,4.795060441715983,0.285342986,7.256969451904297
ViTime_fixed_5min_run1,48.25549516188384,6.946617533870988,0.530301368,7.277803421020508
ViTime_fixed_5min_run2,48.255494079389685,6.946617455955789,0.274150428,7.257091522216797
ViTime_fixed_5min_run3,48.255494079389685,6.946617455955789,0.276517144,7.256969451904297
ViTime_fixed_5min_run4,48.255494079389685,6.946617455955789,0.274900896,7.256969451904297
ViTime_fixed_5min_run5,48.25549516188384,6.946617533870988,0.276600096,7.256969451904297
ViTime_fixed_5min_run6,48.25549516188384,6.946617533870988,0.278648504,7.256969451904297
ViTime_fixed_5min_run7,48.255494079389685,6.946617455955789,0.275496611,7.256969451904297
ViTime_fixed_5min_run8,48.255494079389685,6.946617455955789,0.275655036,7.256969451904297
ViTime_fixed_5min_run9,48.25549516188384,6.946617533870988,0.275337404,7.256969451904297
ViTime_fixed_5min_run10,48.255494079389685,6.946617455955789,0.274763656,7.256969451904297
ViTime_fixed_5min_run11,48.255494079389685,6.946617455955789,0.276238132,7.256969451904297
ViTime_fixed_5min_run12,48.255494079389685,6.946617455955789,0.285259659,7.256969451904297
ViTime_fixed_5min_run13,48.255494079389685,6.946617455955789,0.281168769,7.256969451904297
ViTime_fixed_5min_run14,48.255494079389685,6.946617455955789,0.282764485,7.256969451904297
ViTime_fixed_5min_run15,48.255494079389685,6.946617455955789,0.280821173,7.256969451904297
ViTime_fixed_5min_run16,48.255494079389685,6.946617455955789,0.278919194,7.256969451904297
ViTime_fixed_5min_run17,48.255494079389685,6.946617455955789,0.275690493,7.256969451904297
ViTime_fixed_5min_run18,48.255494079389685,6.946617455955789,0.279668581,7.256969451904297
ViTime_fixed_5min_run19,48.25549516188384,6.946617533870988,0.276796766,7.256969451904297
ViTime_fixed_5min_run20,48.255494079389685,6.946617455955789,0.280524534,7.256969451904297
ViTime_fixed_5min_run21,48.255494079389685,6.946617455955789,0.275877697,7.256969451904297
ViTime_fixed_5min_run22,48.255494079389685,6.946617455955789,0.278652536,7.256969451904297
ViTime_fixed_5min_run23,48.255494079389685,6.946617455955789,0.280736436,7.256969451904297
ViTime_fixed_5min_run24,48.255494079389685,6.946617455955789,0.275967608,7.256969451904297
ViTime_fixed_5min_run25,48.255494079389685,6.946617455955789,0.279111596,7.256969451904297
ViTime_fixed_5min_run26,48.255494079389685,6.946617455955789,0.253847007,7.256969451904297
ViTime_fixed_5min_run27,48.255494079389685,6.946617455955789,0.279855968,7.256969451904297
ViTime_fixed_5min_run28,48.25549516188384,6.946617533870988,0.278241407,7.256969451904297
ViTime_fixed_5min_run29,48.25549516188384,6.946617533870988,0.27991042,7.256969451904297
ViTime_fixed_5min_run30,48.255494079389685,6.946617455955789,0.278974637,7.256969451904297
ViTime_moving_5min_run1,683.3572112728203,26.14110195215229,0.534698181,7.277803421020508
ViTime_moving_5min_run2,683.3572112728203,26.14110195215229,0.278741951,7.257091522216797
ViTime_moving_5min_run3,683.3572112728203,26.14110195215229,0.276825226,7.256969451904297
ViTime_moving_5min_run4,683.3572112728203,26.14110195215229,0.277394635,7.256969451904297
ViTime_moving_5min_run5,683.3572112728203,26.14110195215229,0.280744384,7.256969451904297
ViTime_moving_5min_run6,683.3572112728203,26.14110195215229,0.278566732,7.256969451904297
ViTime_moving_5min_run7,683.3572112728203,26.14110195215229,0.27806761,7.256969451904297
ViTime_moving_5min_run8,683.3572112728203,26.14110195215229,0.278757022,7.256969451904297
ViTime_moving_5min_run9,683.3572112728203,26.14110195215229,0.277935577,7.256969451904297
ViTime_moving_5min_run10,683.3572112728203,26.14110195215229,0.279491763,7.256969451904297
ViTime_moving_5min_run11,683.3572112728203,26.14110195215229,0.28588771,7.256969451904297
ViTime_moving_5min_run12,683.3572112728203,26.14110195215229,0.279295536,7.256969451904297
ViTime_moving_5min_run13,683.3572112728203,26.14110195215229,0.282014399,7.256969451904297
ViTime_moving_5min_run14,683.3572112728203,26.14110195215229,0.278727647,7.256969451904297
ViTime_moving_5min_run15,683.3572112728203,26.14110195215229,0.279657995,7.256969451904297
ViTime_moving_5min_run16,683.3572112728203,26.14110195215229,0.279672112,7.256969451904297
ViTime_moving_5min_run17,683.3572112728203,26.14110195215229,0.28095947,7.256969451904297
ViTime_moving_5min_run18,683.3572112728203,26.14110195215229,0.287133932,7.256969451904297
ViTime_moving_5min_run19,683.3572112728203,26.14110195215229,0.278845832,7.256969451904297
ViTime_moving_5min_run20,683.3572112728203,26.14110195215229,0.278001641,7.256969451904297
ViTime_moving_5min_run21,683.3572112728203,26.14110195215229,0.280971643,7.256969451904297
ViTime_moving_5min_run22,683.3572112728203,26.14110195215229,0.28593419,7.256969451904297
ViTime_moving_5min_run23,683.3572112728203,26.14110195215229,0.28792139,7.256969451904297
ViTime_moving_5min_run24,683.3572112728203,26.14110195215229,0.283468718,7.256969451904297
ViTime_moving_5min_run25,683.3572112728203,26.14110195215229,0.283067095,7.256969451904297
ViTime_moving_5min_run26,683.3572112728203,26.14110195215229,0.289282784,7.256969451904297
ViTime_moving_5min_run27,683.3572112728203,26.14110195215229,0.28167897,7.256969451904297
ViTime_moving_5min_run28,683.3572112728203,26.14110195215229,0.281190879,7.256969451904297
ViTime_moving_5min_run29,683.3572112728203,26.14110195215229,0.279602723,7.256969451904297
ViTime_moving_5min_run30,683.3572112728203,26.14110195215229,0.280279867,7.256969451904297
ViTime_full_10min_run1,54.05702911946829,7.352348544476675,0.538028255,7.277803421020508
ViTime_full_10min_run2,54.05702911946829,7.352348544476675,0.280505327,7.257091522216797
ViTime_full_10min_run3,54.05702911946829,7.352348544476675,0.27672293,7.256969451904297
ViTime_full_10min_run4,54.05702911946829,7.352348544476675,0.285396217,7.256969451904297
ViTime_full_10min_run5,54.05702911946829,7.352348544476675,0.287532428,7.256969451904297
ViTime_full_10min_run6,54.05702911946829,7.352348544476675,0.283096166,7.256969451904297
ViTime_full_10min_run7,54.05702911946829,7.352348544476675,0.283094449,7.256969451904297
ViTime_full_10min_run8,54.05702911946829,7.352348544476675,0.284884041,7.256969451904297
ViTime_full_10min_run9,54.05702911946829,7.352348544476675,0.282506671,7.256969451904297
ViTime_full_10min_run10,54.05702911946829,7.352348544476675,0.276412729,7.256969451904297
ViTime_full_10min_run11,54.05702911946829,7.352348544476675,0.278316255,7.256969451904297
ViTime_full_10min_run12,54.05702911946829,7.352348544476675,0.277932128,7.256969451904297
ViTime_full_10min_run13,54.05702911946829,7.352348544476675,0.276867891,7.256969451904297
ViTime_full_10min_run14,54.05702911946829,7.352348544476675,0.282190605,7.256969451904297
ViTime_full_10min_run15,54.05702911946829,7.352348544476675,0.277174109,7.256969451904297
ViTime_full_10min_run16,54.05702911946829,7.352348544476675,0.27863136,7.256969451904297
ViTime_full_10min_run17,54.05702911946829,7.352348544476675,0.280212157,7.256969451904297
ViTime_full_10min_run18,54.05702911946829,7.352348544476675,0.278715106,7.256969451904297
ViTime_full_10min_run19,54.05702911946829,7.352348544476675,0.278345226,7.256969451904297
ViTime_full_10min_run20,54.05702911946829,7.352348544476675,0.279499864,7.256969451904297
ViTime_full_10min_run21,54.05702911946829,7.352348544476675,0.276942435,7.256969451904297
ViTime_full_10min_run22,54.05702911946829,7.352348544476675,0.277551854,7.256969451904297
ViTime_full_10min_run23,54.05702911946829,7.352348544476675,0.277627858,7.256969451904297
ViTime_full_10min_run24,54.05702911946829,7.352348544476675,0.279196559,7.256969451904297
ViTime_full_10min_run25,54.05702911946829,7.352348544476675,0.277188308,7.256969451904297
ViTime_full_10min_run26,54.05702911946829,7.352348544476675,0.281004258,7.256969451904297
ViTime_full_10min_run27,54.05702911946829,7.352348544476675,0.282747201,7.256969451904297
ViTime_full_10min_run28,54.05702911946829,7.352348544476675,0.280723339,7.256969451904297
ViTime_full_10min_run29,54.05702911946829,7.352348544476675,0.280028435,7.256969451904297
ViTime_full_10min_run30,54.05702911946829,7.352348544476675,0.277550526,7.256969451904297
ViTime_fixed_10min_run1,431.37926931274654,20.76967186338645,0.547626928,7.277803421020508
ViTime_fixed_10min_run2,431.379269884811,20.769671877158075,0.27759657,7.257091522216797
ViTime_fixed_10min_run3,431.37926931274654,20.76967186338645,0.273915895,7.256969451904297
ViTime_fixed_10min_run4,431.37926931274654,20.76967186338645,0.276944405,7.256969451904297
ViTime_fixed_10min_run5,431.37926931274654,20.76967186338645,0.280046281,7.256969451904297
ViTime_fixed_10min_run6,431.37926931274654,20.76967186338645,0.276850771,7.256969451904297
ViTime_fixed_10min_run7,431.3792692798022,20.76967186259336,0.275633344,7.256969451904297
ViTime_fixed_10min_run8,431.379269884811,20.769671877158075,0.277419419,7.256969451904297
ViTime_fixed_10min_run9,431.379269884811,20.769671877158075,0.278081998,7.256969451904297
ViTime_fixed_10min_run10,431.37926931274654,20.76967186338645,0.275086181,7.256969451904297
ViTime_fixed_10min_run11,431.37926931274654,20.76967186338645,0.276655647,7.256969451904297
ViTime_fixed_10min_run12,431.37926931274654,20.76967186338645,0.280885033,7.256969451904297
ViTime_fixed_10min_run13,431.37926931274654,20.76967186338645,0.282054014,7.256969451904297
ViTime_fixed_10min_run14,431.37926931274654,20.76967186338645,0.28236046,7.256969451904297
ViTime_fixed_10min_run15,431.379269884811,20.769671877158075,0.283103223,7.256969451904297
ViTime_fixed_10min_run16,431.37926931274654,20.76967186338645,0.283312726,7.256969451904297
ViTime_fixed_10min_run17,431.37926931274654,20.76967186338645,0.281737216,7.256969451904297
ViTime_fixed_10min_run18,431.3792687077378,20.76967184882173,0.276163922,7.256969451904297
ViTime_fixed_10min_run19,431.37926931274654,20.76967186338645,0.275078742,7.256969451904297
ViTime_fixed_10min_run20,431.37926931274654,20.76967186338645,0.274854727,7.256969451904297
ViTime_fixed_10min_run21,431.37926931274654,20.76967186338645,0.277359465,7.256969451904297
ViTime_fixed_10min_run22,431.37926931274654,20.76967186338645,0.28034779,7.256969451904297
ViTime_fixed_10min_run23,431.379269884811,20.769671877158075,0.282416237,7.256969451904297
ViTime_fixed_10min_run24,431.379269884811,20.769671877158075,0.275701667,7.256969451904297
ViTime_fixed_10min_run25,431.37926931274654,20.76967186338645,0.278158795,7.256969451904297
ViTime_fixed_10min_run26,431.37926931274654,20.76967186338645,0.276189665,7.256969451904297
ViTime_fixed_10min_run27,431.379269884811,20.769671877158075,0.278906105,7.256969451904297
ViTime_fixed_10min_run28,431.37926931274654,20.76967186338645,0.28030213,7.256969451904297
ViTime_fixed_10min_run29,431.37926931274654,20.76967186338645,0.274314791,7.256969451904297
ViTime_fixed_10min_run30,431.37926931274654,20.76967186338645,0.276557612,7.256969451904297
ViTime_moving_10min_run1,42.05016395742153,6.484609776803962,0.537608161,7.277803421020508
ViTime_moving_10min_run2,42.05016395742153,6.484609776803962,0.276644931,7.257091522216797
ViTime_moving_10min_run3,42.05016395742153,6.484609776803962,0.278184295,7.256969451904297
ViTime_moving_10min_run4,42.05016395742153,6.484609776803962,0.274773841,7.256969451904297
ViTime_moving_10min_run5,42.05016395742153,6.484609776803962,0.274850704,7.256969451904297
ViTime_moving_10min_run6,42.05016395742153,6.484609776803962,0.275863939,7.256969451904297
ViTime_moving_10min_run7,42.05016395742153,6.484609776803962,0.276372351,7.256969451904297
ViTime_moving_10min_run8,42.05016395742153,6.484609776803962,0.276060468,7.256969451904297
ViTime_moving_10min_run9,42.05016395742153,6.484609776803962,0.278622871,7.256969451904297
ViTime_moving_10min_run10,42.05016395742153,6.484609776803962,0.276937084,7.256969451904297
ViTime_moving_10min_run11,42.05016395742153,6.484609776803962,0.277414598,7.256969451904297
ViTime_moving_10min_run12,42.05016395742153,6.484609776803962,0.278389861,7.256969451904297
ViTime_moving_10min_run13,42.05016395742153,6.484609776803962,0.276831875,7.256969451904297
ViTime_moving_10min_run14,42.05016395742153,6.484609776803962,0.277845911,7.256969451904297
ViTime_moving_10min_run15,42.05016395742153,6.484609776803962,0.276602112,7.256969451904297
ViTime_moving_10min_run16,42.05016395742153,6.484609776803962,0.280441965,7.256969451904297
ViTime_moving_10min_run17,42.05016395742153,6.484609776803962,0.278597657,7.256969451904297
ViTime_moving_10min_run18,42.05016395742153,6.484609776803962,0.279969233,7.256969451904297
ViTime_moving_10min_run19,42.05016395742153,6.484609776803962,0.28315173,7.256969451904297
ViTime_moving_10min_run20,42.05016395742153,6.484609776803962,0.281544958,7.256969451904297
ViTime_moving_10min_run21,42.05016395742153,6.484609776803962,0.282606197,7.256969451904297
ViTime_moving_10min_run22,42.05016395742153,6.484609776803962,0.282013534,7.256969451904297
ViTime_moving_10min_run23,42.05016395742153,6.484609776803962,0.284213787,7.256969451904297
ViTime_moving_10min_run24,42.05016395742153,6.484609776803962,0.281465651,7.256969451904297
ViTime_moving_10min_run25,42.05016395742153,6.484609776803962,0.278478031,7.256969451904297
ViTime_moving_10min_run26,42.05016320620605,6.48460971888101,0.283000217,7.256969451904297
ViTime_moving_10min_run27,42.05016395742153,6.484609776803962,0.27629128,7.256969451904297
ViTime_moving_10min_run28,42.05016395742153,6.484609776803962,0.283270786,7.256969451904297
ViTime_moving_10min_run29,42.05016395742153,6.484609776803962,0.280528086,7.256969451904297
ViTime_moving_10min_run30,42.05016395742153,6.484609776803962,0.282647681,7.256969451904297
ViTime_full_30min_run1,30.78258024406521,5.5482051371651,0.61229876,7.277803421020508
ViTime_full_30min_run2,30.78258024406521,5.5482051371651,0.281861877,7.257091522216797
ViTime_full_30min_run3,30.78258024406521,5.5482051371651,0.282325982,7.256969451904297
ViTime_full_30min_run4,30.78258024406521,5.5482051371651,0.286508327,7.256969451904297
ViTime_full_30min_run5,30.78258024406521,5.5482051371651,0.284638165,7.256969451904297
ViTime_full_30min_run6,30.78258024406521,5.5482051371651,0.276645053,7.256969451904297
ViTime_full_30min_run7,30.78258024406521,5.5482051371651,0.277552453,7.256969451904297
ViTime_full_30min_run8,30.78258024406521,5.5482051371651,0.281370338,7.256969451904297
ViTime_full_30min_run9,30.78258024406521,5.5482051371651,0.278435545,7.256969451904297
ViTime_full_30min_run10,30.78258024406521,5.5482051371651,0.280995856,7.256969451904297
ViTime_full_30min_run11,30.78258024406521,5.5482051371651,0.280889204,7.256969451904297
ViTime_full_30min_run12,30.78258024406521,5.5482051371651,0.280512275,7.256969451904297
ViTime_full_30min_run13,30.78258024406521,5.5482051371651,0.276661349,7.256969451904297
ViTime_full_30min_run14,30.78258024406521,5.5482051371651,0.280262002,7.256969451904297
ViTime_full_30min_run15,30.78258024406521,5.5482051371651,0.280641125,7.256969451904297
ViTime_full_30min_run16,30.78258024406521,5.5482051371651,0.279406316,7.256969451904297
ViTime_full_30min_run17,30.78258024406521,5.5482051371651,0.278769423,7.256969451904297
ViTime_full_30min_run18,30.78258024406521,5.5482051371651,0.281831675,7.256969451904297
ViTime_full_30min_run19,30.78258024406521,5.5482051371651,0.279023398,7.256969451904297
ViTime_full_30min_run20,30.78258024406521,5.5482051371651,0.280637032,7.256969451904297
ViTime_full_30min_run21,30.78258024406521,5.5482051371651,0.280474402,7.256969451904297
ViTime_full_30min_run22,30.78258024406521,5.5482051371651,0.280205024,7.256969451904297
ViTime_full_30min_run23,30.78258024406521,5.5482051371651,0.27820115,7.256969451904297
ViTime_full_30min_run24,30.78258024406521,5.5482051371651,0.281671142,7.256969451904297
ViTime_full_30min_run25,30.78258024406521,5.5482051371651,0.279495896,7.256969451904297
ViTime_full_30min_run26,30.78258024406521,5.5482051371651,0.27967693,7.256969451904297
ViTime_full_30min_run27,30.78258024406521,5.5482051371651,0.282668612,7.256969451904297
ViTime_full_30min_run28,30.78258024406521,5.5482051371651,0.288037346,7.256969451904297
ViTime_full_30min_run29,30.78258024406521,5.5482051371651,0.285132921,7.256969451904297
ViTime_full_30min_run30,30.78258024406521,5.5482051371651,0.284886526,7.256969451904297
ViTime_fixed_30min_run1,362.375970551684,19.03617531311592,0.544058325,7.277803421020508
ViTime_fixed_30min_run2,362.3759710548189,19.03617532633115,0.280276611,7.257091522216797
ViTime_fixed_30min_run3,362.3759710548189,19.03617532633115,0.276816026,7.256969451904297
ViTime_fixed_30min_run4,362.37596998574367,19.036175298251056,0.27882817,7.256969451904297
ViTime_fixed_30min_run5,362.3759707099909,19.03617531727397,0.281077447,7.256969451904297
ViTime_fixed_30min_run6,362.3759710548189,19.03617532633115,0.282015651,7.256969451904297
ViTime_fixed_30min_run7,362.37597122056826,19.03617533068469,0.282306032,7.256969451904297
ViTime_fixed_30min_run8,362.3759706297704,19.03617531516692,0.283357129,7.256969451904297
ViTime_fixed_30min_run9,362.3759709877023,19.03617532456828,0.284428903,7.256969451904297
ViTime_fixed_30min_run10,362.375971021021,19.036175325443423,0.284936552,7.256969451904297
ViTime_fixed_30min_run11,362.3759710548189,19.03617532633115,0.282346567,7.256969451904297
ViTime_fixed_30min_run12,362.3759710548189,19.03617532633115,0.27982553,7.256969451904297
ViTime_fixed_30min_run13,362.3759710548189,19.03617532633115,0.282360335,7.256969451904297
ViTime_fixed_30min_run14,362.375970551684,19.03617531311592,0.283226842,7.256969451904297
ViTime_fixed_30min_run15,362.375970551684,19.03617531311592,0.277713835,7.256969451904297
ViTime_fixed_30min_run16,362.3759707099909,19.03617531727397,0.281844367,7.256969451904297
ViTime_fixed_30min_run17,362.3759697874512,19.03617529304275,0.279346341,7.256969451904297
ViTime_fixed_30min_run18,362.3759701730581,19.036175303171017,0.282509584,7.256969451904297
ViTime_fixed_30min_run19,362.3759715653962,19.036175339741863,0.27917825,7.256969451904297
ViTime_fixed_30min_run20,362.3759706297704,19.03617531516692,0.280600149,7.256969451904297
ViTime_fixed_30min_run21,362.3759707099909,19.03617531727397,0.278056648,7.256969451904297
ViTime_fixed_30min_run22,362.37597006660167,19.03617530037485,0.282339628,7.256969451904297
ViTime_fixed_30min_run23,362.3759710548189,19.03617532633115,0.2834205,7.256969451904297
ViTime_fixed_30min_run24,362.3759710548189,19.03617532633115,0.278487417,7.256969451904297
ViTime_fixed_30min_run25,362.3759707099909,19.03617531727397,0.279182511,7.256969451904297
ViTime_fixed_30min_run26,362.375970847448,19.03617532088439,0.27895576,7.256969451904297
ViTime_fixed_30min_run27,362.3759698676717,19.036175295149803,0.278697697,7.256969451904297
ViTime_fixed_30min_run28,362.37597091456456,19.03617532264726,0.281766956,7.256969451904297
ViTime_fixed_30min_run29,362.37597091456456,19.03617532264726,0.281920413,7.256969451904297
ViTime_fixed_30min_run30,362.37597059597255,19.036175314279195,0.281987928,7.256969451904297
ViTime_moving_30min_run1,480.195306325724,21.91335908357557,0.551150088,7.277803421020508
ViTime_moving_30min_run2,480.1953154160167,21.913359290989977,0.278508739,7.257091522216797
ViTime_moving_30min_run3,480.1953154160167,21.913359290989977,0.280036378,7.256969451904297
ViTime_moving_30min_run4,480.1953154160167,21.913359290989977,0.279977919,7.256969451904297
ViTime_moving_30min_run5,480.1953154160167,21.913359290989977,0.277864763,7.256969451904297
ViTime_moving_30min_run6,480.1953154160167,21.913359290989977,0.281896569,7.256969451904297
ViTime_moving_30min_run7,480.1953154160167,21.913359290989977,0.281531718,7.256969451904297
ViTime_moving_30min_run8,480.1953154160167,21.913359290989977,0.280543276,7.256969451904297
ViTime_moving_30min_run9,480.195306325724,21.91335908357557,0.280303232,7.256969451904297
ViTime_moving_30min_run10,480.1953154160167,21.913359290989977,0.278881278,7.256969451904297
ViTime_moving_30min_run11,480.1953154160167,21.913359290989977,0.282290413,7.256969451904297
ViTime_moving_30min_run12,480.195306325724,21.91335908357557,0.283361651,7.256969451904297
ViTime_moving_30min_run13,480.195306325724,21.91335908357557,0.282368602,7.256969451904297
ViTime_moving_30min_run14,480.1953154160167,21.913359290989977,0.285118276,7.256969451904297
ViTime_moving_30min_run15,480.1953154160167,21.913359290989977,0.28629191,7.256969451904297
ViTime_moving_30min_run16,480.195306325724,21.91335908357557,0.282711453,7.256969451904297
ViTime_moving_30min_run17,480.1953154160167,21.913359290989977,0.280547626,7.256969451904297
ViTime_moving_30min_run18,480.1953154160167,21.913359290989977,0.28061767,7.256969451904297
ViTime_moving_30min_run19,480.1953154160167,21.913359290989977,0.277556514,7.256969451904297
ViTime_moving_30min_run20,480.195306325724,21.91335908357557,0.282985507,7.256969451904297
ViTime_moving_30min_run21,480.195306325724,21.91335908357557,0.279541072,7.256969451904297
ViTime_moving_30min_run22,480.1953154160167,21.913359290989977,0.282047178,7.256969451904297
ViTime_moving_30min_run23,480.1953154160167,21.913359290989977,0.278413408,7.256969451904297
ViTime_moving_30min_run24,480.1953154160167,21.913359290989977,0.279777122,7.256969451904297
ViTime_moving_30min_run25,480.195306325724,21.91335908357557,0.27720505,7.256969451904297
ViTime_moving_30min_run26,480.195306325724,21.91335908357557,0.282939667,7.256969451904297
ViTime_moving_30min_run27,480.1953154160167,21.913359290989977,0.282146714,7.256969451904297
ViTime_moving_30min_run28,480.1953154160167,21.913359290989977,0.27762542,7.256969451904297
ViTime_moving_30min_run29,480.195306325724,21.91335908357557,0.28257829,7.256969451904297
ViTime_moving_30min_run30,480.1953154160167,21.913359290989977,0.279577063,7.256969451904297
ViTime_full_1hrs_run1,170.88942722746543,13.072468291316122,0.526544978,7.277803421020508
ViTime_full_1hrs_run2,170.88942722746543,13.072468291316122,0.277638854,7.257091522216797
ViTime_full_1hrs_run3,170.88942722746543,13.072468291316122,0.279187071,7.256969451904297
ViTime_full_1hrs_run4,170.88942722746543,13.072468291316122,0.281281354,7.256969451904297
ViTime_full_1hrs_run5,170.88942722746543,13.072468291316122,0.280409776,7.256969451904297
ViTime_full_1hrs_run6,170.88942722746543,13.072468291316122,0.280756454,7.256969451904297
ViTime_full_1hrs_run7,170.88942722746543,13.072468291316122,0.277755578,7.256969451904297
ViTime_full_1hrs_run8,170.88942722746543,13.072468291316122,0.282697425,7.256969451904297
ViTime_full_1hrs_run9,170.88942722746543,13.072468291316122,0.280038563,7.256969451904297
ViTime_full_1hrs_run10,170.88942722746543,13.072468291316122,0.281810222,7.256969451904297
ViTime_full_1hrs_run11,170.88942722746543,13.072468291316122,0.279385821,7.256969451904297
ViTime_full_1hrs_run12,170.88942722746543,13.072468291316122,0.277940506,7.256969451904297
ViTime_full_1hrs_run13,170.88942722746543,13.072468291316122,0.282207023,7.256969451904297
ViTime_full_1hrs_run14,170.88942722746543,13.072468291316122,0.286825888,7.256969451904297
ViTime_full_1hrs_run15,170.88942722746543,13.072468291316122,0.282824649,7.256969451904297
ViTime_full_1hrs_run16,170.88942722746543,13.072468291316122,0.284905548,7.256969451904297
ViTime_full_1hrs_run17,170.88942722746543,13.072468291316122,0.286997147,7.256969451904297
ViTime_full_1hrs_run18,170.88942722746543,13.072468291316122,0.282885984,7.256969451904297
ViTime_full_1hrs_run19,170.88942722746543,13.072468291316122,0.279555011,7.256969451904297
ViTime_full_1hrs_run20,170.88942722746543,13.072468291316122,0.278278037,7.256969451904297
ViTime_full_1hrs_run21,170.88942722746543,13.072468291316122,0.285591308,7.256969451904297
ViTime_full_1hrs_run22,170.88942722746543,13.072468291316122,0.277910672,7.256969451904297
ViTime_full_1hrs_run23,170.889430347368,13.072468410647163,0.282501578,7.256969451904297
ViTime_full_1hrs_run24,170.88942722746543,13.072468291316122,0.280460894,7.256969451904297
ViTime_full_1hrs_run25,170.88942722746543,13.072468291316122,0.280424195,7.256969451904297
ViTime_full_1hrs_run26,170.88942722746543,13.072468291316122,0.279534516,7.256969451904297
ViTime_full_1hrs_run27,170.88942722746543,13.072468291316122,0.279466914,7.256969451904297
ViTime_full_1hrs_run28,170.88942722746543,13.072468291316122,0.281655476,7.256969451904297
ViTime_full_1hrs_run29,170.88942722746543,13.072468291316122,0.28119408,7.256969451904297
ViTime_full_1hrs_run30,170.88942722746543,13.072468291316122,0.280059893,7.256969451904297
ViTime_fixed_1hrs_run1,262.18681157713485,16.192183656849217,0.529047338,7.277803421020508
ViTime_fixed_1hrs_run2,262.18681148419,16.192183653979164,0.277856555,7.257091522216797
ViTime_fixed_1hrs_run3,262.18681174452803,16.192183662018167,0.279119594,7.256969451904297
ViTime_fixed_1hrs_run4,262.1868102161351,16.192183614822774,0.276821823,7.256969451904297
ViTime_fixed_1hrs_run5,262.1868104059332,16.192183620683565,0.278110535,7.256969451904297
ViTime_fixed_1hrs_run6,262.18681145708774,16.19218365314227,0.282420028,7.256969451904297
ViTime_fixed_1hrs_run7,262.1868110747653,16.1921836413365,0.281552804,7.256969451904297
ViTime_fixed_1hrs_run8,262.1868121589588,16.192183674815414,0.277263655,7.256969451904297
ViTime_fixed_1hrs_run9,262.1868119464809,16.192183668254287,0.278091385,7.256969451904297
ViTime_fixed_1hrs_run10,262.18681126568504,16.19218364723193,0.277394868,7.256969451904297
ViTime_fixed_1hrs_run11,262.1868111086406,16.19218364238254,0.276771875,7.256969451904297
ViTime_fixed_1hrs_run12,262.18681136814155,16.19218365039569,0.276095576,7.256969451904297
ViTime_fixed_1hrs_run13,262.1868115790586,16.192183656908618,0.277437924,7.256969451904297
ViTime_fixed_1hrs_run14,262.186811381381,16.192183650804512,0.278886765,7.256969451904297
ViTime_fixed_1hrs_run15,262.18681084475224,16.192183634233903,0.285946317,7.256969451904297
ViTime_fixed_1hrs_run16,262.18681143598053,16.1921836524905,0.284103456,7.256969451904297
ViTime_fixed_1hrs_run17,262.18681138381936,16.19218365087981,0.289131633,7.256969451904297
ViTime_fixed_1hrs_run18,262.18681167121963,16.19218365975447,0.28146359,7.256969451904297
ViTime_fixed_1hrs_run19,262.18681118175067,16.19218364464011,0.276025785,7.256969451904297
ViTime_fixed_1hrs_run20,262.1868120290704,16.192183670804578,0.277828776,7.256969451904297
ViTime_fixed_1hrs_run21,262.18681089363366,16.192183635743316,0.279699315,7.256969451904297
ViTime_fixed_1hrs_run22,262.1868116197846,16.1921836581662,0.278259247,7.256969451904297
ViTime_fixed_1hrs_run23,262.1868106327449,16.192183627687307,0.281524722,7.256969451904297
ViTime_fixed_1hrs_run24,262.18681037501307,16.19218361972878,0.27798225,7.256969451904297
ViTime_fixed_1hrs_run25,262.186810464627,16.19218362249598,0.281366668,7.256969451904297
ViTime_fixed_1hrs_run26,262.18681158711684,16.19218365715745,0.277218007,7.256969451904297
ViTime_fixed_1hrs_run27,262.1868108434356,16.192183634193245,0.282620587,7.256969451904297
ViTime_fixed_1hrs_run28,262.18681204917,16.192183671425234,0.278598656,7.256969451904297
ViTime_fixed_1hrs_run29,262.1868107857195,16.192183632411027,0.281723408,7.256969451904297
ViTime_fixed_1hrs_run30,262.1868116518557,16.19218365915653,0.281141398,7.256969451904297
ViTime_moving_1hrs_run1,170.88942722746543,13.072468291316122,0.561029,7.277803421020508
ViTime_moving_1hrs_run2,170.88942722746543,13.072468291316122,0.278538272,7.257091522216797
ViTime_moving_1hrs_run3,170.88942722746543,13.072468291316122,0.278715616,7.256969451904297
ViTime_moving_1hrs_run4,170.88942722746543,13.072468291316122,0.278056215,7.256969451904297
ViTime_moving_1hrs_run5,170.88942722746543,13.072468291316122,0.27613337,7.256969451904297
ViTime_moving_1hrs_run6,170.88942722746543,13.072468291316122,0.278738113,7.256969451904297
ViTime_moving_1hrs_run7,170.88942722746543,13.072468291316122,0.279403761,7.256969451904297
ViTime_moving_1hrs_run8,170.88942722746543,13.072468291316122,0.278993042,7.256969451904297
ViTime_moving_1hrs_run9,170.88942722746543,13.072468291316122,0.277959428,7.256969451904297
ViTime_moving_1hrs_run10,170.889430347368,13.072468410647163,0.279040886,7.256969451904297
ViTime_moving_1hrs_run11,170.88942722746543,13.072468291316122,0.276221004,7.256969451904297
ViTime_moving_1hrs_run12,170.88942722746543,13.072468291316122,0.281296387,7.256969451904297
ViTime_moving_1hrs_run13,170.88942722746543,13.072468291316122,0.279619449,7.256969451904297
ViTime_moving_1hrs_run14,170.88942722746543,13.072468291316122,0.281033711,7.256969451904297
ViTime_moving_1hrs_run15,170.88942722746543,13.072468291316122,0.284692545,7.256969451904297
ViTime_moving_1hrs_run16,170.88942722746543,13.072468291316122,0.28437183,7.256969451904297
ViTime_moving_1hrs_run17,170.88942722746543,13.072468291316122,0.283597898,7.256969451904297
ViTime_moving_1hrs_run18,170.88942722746543,13.072468291316122,0.275626885,7.256969451904297
ViTime_moving_1hrs_run19,170.889430347368,13.072468410647163,0.283208588,7.256969451904297
ViTime_moving_1hrs_run20,170.88942722746543,13.072468291316122,0.27899154,7.256969451904297
ViTime_moving_1hrs_run21,170.88942722746543,13.072468291316122,0.281300939,7.256969451904297
ViTime_moving_1hrs_run22,170.88942722746543,13.072468291316122,0.280121194,7.256969451904297
ViTime_moving_1hrs_run23,170.88942722746543,13.072468291316122,0.281094416,7.256969451904297
ViTime_moving_1hrs_run24,170.88942722746543,13.072468291316122,0.280192877,7.256969451904297
ViTime_moving_1hrs_run25,170.88942722746543,13.072468291316122,0.281216644,7.256969451904297
ViTime_moving_1hrs_run26,170.88942722746543,13.072468291316122,0.280417017,7.256969451904297
ViTime_moving_1hrs_run27,170.88942722746543,13.072468291316122,0.280771787,7.256969451904297
ViTime_moving_1hrs_run28,170.88942722746543,13.072468291316122,0.279676165,7.256969451904297
ViTime_moving_1hrs_run29,170.88942722746543,13.072468291316122,0.281769798,7.256969451904297
ViTime_moving_1hrs_run30,170.88942722746543,13.072468291316122,0.280167255,7.256969451904297
